usuario,n_resenas,longitud_media_resena
courtneyberger,7,42.4
burkemichael,7,41.3
michelle88,7,41.3
epatterson,6,39.8
psmith,6,39.3
efriedman,6,40.5
fhernandez,6,40.8
robin55,6,40.2
michelle22,6,40.5
aguilarjonathan,6,39.0
adamsamy,6,41.5
ritteralexis,6,39.7
jbentley,6,38.5
jreilly,6,44.8
sanchezsandy,6,37.8
mitchell06,5,43.2
colonjoseph,5,40.4
lindazhang,5,39.4
frogers,5,39.0
sarah90,5,39.6
zbell,5,38.6
lisa80,5,37.6
wilsontara,5,42.0
veronicagarcia,5,44.2
gabrielle54,5,38.2
brentgray,5,43.0
keithwalsh,5,40.4
ryanhull,5,42.0
davidalvarez,5,40.4
elainewells,5,40.8
jesseshepherd,5,44.8
srodriguez,5,37.8
allenchristopher,5,38.2
davisamanda,5,39.0
erichardson,5,37.6
mark10,5,43.4
jacksonpaul,5,39.2
awest,5,39.6
robertslaura,5,40.4
lopezmichael,4,42.0
daughertypreston,4,39.8
bryanharris,4,47.3
hartmansara,4,41.5
justin78,4,44.3
kevin34,4,38.0
dking,4,42.3
johnmiller,4,40.0
jpowers,4,37.3
gary79,4,42.3
john43,4,38.8
mistyperez,4,40.3
christophercarrillo,4,38.0
brooksanthony,4,42.5
joankane,4,43.0
ofinley,4,42.3
zroberts,4,43.0
larsonkevin,4,37.3
barbara10,4,39.8
linda54,4,40.3
butlersabrina,4,41.3
ashleymeza,4,40.0
williamsthomas,4,40.3
gerald40,4,40.0
carneycharles,4,44.0
zunderwood,4,41.8
christopherbruce,4,41.3
chardy,4,40.3
qhughes,4,39.8
franciscojones,4,37.3
jonescarla,4,38.5
avilalisa,4,40.0
omoore,4,44.5
johnsonjoshua,4,41.8
johnsonrobert,4,44.5
angelathompson,4,41.8
hrosario,4,43.0
kathleenrobinson,4,41.5
youngjessica,4,39.3
johnwise,4,44.3
jonesmegan,4,38.8
walkerjeffrey,4,41.0
qzavala,4,41.0
julie69,4,37.3
edwardford,4,38.0
garciabelinda,4,38.8
alexandervanessa,4,41.8
annette58,4,41.3
joshua98,4,39.5
ramireztracey,4,40.3
ahale,4,43.3
lawrenceallen,4,40.8
lisa62,4,37.0
vickiekelley,4,42.5
martinezlogan,4,40.0
thomasgomez,4,36.5
qmiller,4,41.0
jonesraymond,4,39.5
tara90,4,38.3
marcus31,4,40.5
beckystanley,4,41.8
anthony87,4,42.0
donaldpayne,4,38.0
roconnell,4,37.3
jfrazier,4,43.3
khill,4,40.3
garrettnatasha,4,40.3
heather29,4,40.3
jameshenry,4,41.5
qschwartz,4,42.0
suzannehill,4,38.3
madeline02,4,42.5
hardyanita,4,37.3
wagnergerald,4,41.3
williamsimmons,4,38.3
sarahcampos,4,40.3
bennettrebecca,4,37.5
warrenmary,4,43.0
jenniferwilliams,4,43.8
vdouglas,4,40.3
petersenlatoya,4,37.0
nbaird,4,38.3
jblackburn,4,40.8
elizabeth56,4,42.3
hatfieldsarah,4,41.3
kathleenbecker,4,39.0
shawnpowell,4,41.0
zunigathomas,4,40.8
wardjulia,4,40.8
erica21,4,42.0
brownmichael,4,42.5
lbautista,4,38.8
xhorton,4,40.8
joshua94,4,41.5
qknox,4,37.5
jessicalopez,4,41.5
daniel15,4,41.5
schan,4,37.3
nbrooks,4,42.0
josephmiller,3,44.0
qmartinez,3,39.7
pauladominguez,3,41.3
nballard,3,38.7
rachel90,3,39.7
rebeccaarnold,3,38.3
markaustin,3,40.0
thomasnancy,3,38.0
benjamin69,3,42.3
josephortiz,3,44.0
pattonbryan,3,37.3
jeremiah61,3,37.3
navarrokelly,3,41.3
deanjohnny,3,42.7
campbellkristen,3,39.0
hchapman,3,44.7
meghanmcmahon,3,38.0
mccarthysara,3,42.7
christina87,3,40.0
angelaburns,3,41.7
robertday,3,37.3
ronald69,3,39.3
ryan25,3,37.3
catherine93,3,42.7
ruthwelch,3,37.0
nfriedman,3,39.3
olsondavid,3,38.0
smithjoseph,3,41.7
jford,3,45.7
brenda63,3,40.0
jacqueline19,3,40.3
regina78,3,37.0
heather01,3,41.3
kwelch,3,42.0
morrisdavid,3,38.7
qdavis,3,43.3
adkinsbrian,3,38.3
jesselittle,3,37.0
brandywalker,3,37.0
anna99,3,38.0
timothyfreeman,3,40.3
victoria63,3,40.7
candice96,3,39.7
ryanhawkins,3,39.0
smithmonica,3,39.7
kwilson,3,40.3
daniel81,3,40.3
rebecca92,3,42.0
rubiopamela,3,38.7
heather14,3,39.0
brookeewing,3,38.7
stephentaylor,3,35.3
rreed,3,43.7
lfowler,3,42.7
daustin,3,38.0
karen64,3,42.0
palmerjoshua,3,39.7
derek26,3,40.0
mark84,3,37.3
jenniferelliott,3,38.3
sarah12,3,39.0
martinezjesse,3,36.7
bbrown,3,43.3
carlsonkristen,3,43.3
christinacraig,3,40.7
zcortez,3,41.0
aaronwelch,3,39.0
thomasfisher,3,44.3
thompsonedward,3,38.7
crawfordjohn,3,37.0
jessicachapman,3,41.7
brian06,3,36.0
amy73,3,37.0
sherry07,3,38.7
malikhernandez,3,41.0
amberwebster,3,43.7
kellysmith,3,40.0
elizabethcalderon,3,39.0
bsmith,3,43.7
othomas,3,37.0
cynthia74,3,37.3
carterdennis,3,39.0
ushelton,3,42.7
wmason,3,35.7
racheltrujillo,3,38.0
patrickhoward,3,40.0
tracybrown,3,43.3
gbender,3,41.3
hubbardcolleen,3,43.7
mcleanmanuel,3,37.0
laura90,3,42.7
hgonzalez,3,41.3
markwolfe,3,38.7
melaniegarcia,3,42.7
bryan82,3,43.0
deborahbush,3,43.3
meltonmelanie,3,41.7
spenceholly,3,41.0
randallkathleen,3,41.0
yherrera,3,37.7
tammy76,3,42.7
teresa32,3,39.7
jamesbass,3,40.7
leblanckimberly,3,39.3
melissaturner,3,43.0
nichole66,3,41.7
marcia99,3,40.3
lonniegrant,3,37.3
paulproctor,3,39.0
nicholas99,3,40.3
nsmith,3,38.7
jessica36,3,43.3
molly71,3,38.7
osmith,3,40.0
wrightbrandon,3,39.0
bishopfrank,3,39.3
glennstephanie,3,39.7
guerrajessica,3,36.0
hayesjeffrey,3,38.3
ihoward,3,36.7
brittanyholland,3,38.0
tonypeterson,3,42.7
morajamie,3,37.0
wsantos,3,38.7
sarah60,3,37.7
grant42,3,42.0
nolanjason,3,41.7
lmoon,3,38.0
richardolson,3,41.3
amy49,3,39.3
robert89,3,42.0
bennettroy,3,39.3
michaelhardin,3,38.3
gillronald,3,39.0
ortegavictor,3,37.0
gabriel90,3,41.7
lcarr,3,37.3
garciavictoria,3,39.7
jeremywiley,3,39.3
wrightcarolyn,3,40.3
shannon51,3,43.7
samuel87,3,37.7
marcus45,3,36.3
agomez,3,39.0
christineking,3,39.0
wwilliams,3,37.3
emily61,3,45.0
kburns,3,40.3
alyssa42,3,39.3
gibbsmichael,3,37.7
jacobbrown,3,36.7
bryan90,3,40.3
pbaker,3,41.3
bradleylee,3,38.0
victoriagarza,3,39.3
noahwhitaker,3,37.0
zstout,3,40.7
larry52,3,41.0
nelsonbrianna,3,40.3
jacquelineanderson,3,39.0
williamsmatthew,3,41.0
rosshannah,3,42.0
ybell,3,39.0
jeffrey10,3,38.7
camposphilip,3,42.0
robertramirez,3,37.7
jasonparrish,3,37.3
kristenpeterson,3,40.3
yobrien,3,44.7
parksmatthew,3,37.3
andrewjohnson,3,44.0
ashleykrause,3,42.7
andrew43,3,41.3
smithtodd,3,39.0
wallkenneth,3,41.0
rogersjames,3,41.3
vharrell,3,37.7
robert55,3,43.7
clarklatoya,3,45.3
jennifertucker,3,39.3
dennishunt,3,39.3
medinatiffany,3,44.7
stevenalvarez,3,45.3
brianwoodward,3,42.0
ibentley,3,40.3
jeffrey35,3,37.0
kfrederick,3,38.3
hudsonjames,3,41.7
coxhenry,3,42.0
zlewis,3,42.0
allisonscott,3,39.0
jasonhill,3,43.3
qbell,3,42.7
john81,3,39.3
kevinmcneil,3,37.7
bkhan,3,40.3
ojones,3,43.0
wilsonrandy,3,37.3
garciamichael,3,47.3
greenjorge,3,41.7
smithashley,3,38.0
dberger,3,46.3
jeffrey44,3,39.0
derrick99,3,40.7
mcmahonchristine,3,40.0
urice,3,43.7
chavezwilliam,3,39.3
tylergolden,3,37.7
ublair,3,41.3
calhounandrea,3,38.7
brian12,3,41.3
benjaminlowery,3,38.7
julievillanueva,3,38.0
robinsoncatherine,3,43.7
jbarker,3,39.3
kristin98,2,41.0
mccormickdeborah,2,37.0
ortizrobin,2,36.0
leonsherry,2,38.0
jose87,2,43.5
lisamcdaniel,2,46.5
crystalwilliams,2,41.0
tiffanymitchell,2,40.0
hmoore,2,38.0
janegonzalez,2,36.0
aoconnell,2,38.0
steven20,2,40.5
garciabrian,2,41.0
odomnicholas,2,42.5
danielmorris,2,45.5
karen73,2,42.5
caldwellfelicia,2,41.0
randallloretta,2,39.5
luis11,2,42.0
megan85,2,43.5
melissa95,2,36.5
nmiller,2,40.0
christianelizabeth,2,37.5
markriley,2,40.0
davisalyssa,2,37.5
jeffrey92,2,41.0
duncandavid,2,36.5
smithsteven,2,46.0
francisco67,2,45.0
ingramjill,2,36.0
yburke,2,41.0
ibates,2,41.5
huntermatthew,2,44.0
sfarmer,2,37.5
markmiller,2,40.0
welchkristen,2,43.5
james27,2,38.5
jennifer46,2,43.5
tyler13,2,38.0
troy73,2,37.0
catherineherrera,2,39.0
daviddawson,2,42.5
jimenezbrett,2,41.0
shelby69,2,38.0
megan90,2,43.0
hblack,2,40.0
stephenmadden,2,35.5
thomasmiller,2,40.0
yuchristopher,2,42.0
karenanderson,2,40.0
matthewedwards,2,39.5
tina63,2,39.0
mooredaniel,2,35.5
stephanie79,2,40.0
boydtina,2,38.0
hthomas,2,37.5
rhood,2,39.5
shawnmosley,2,39.0
rgarcia,2,43.5
keyemily,2,43.5
debbie75,2,37.5
alexis72,2,42.0
mosstracy,2,40.0
angela18,2,43.0
rthompson,2,39.5
timothytate,2,39.0
veronicaclark,2,42.5
renee77,2,36.5
troy06,2,39.0
vazquezjamie,2,38.0
linda71,2,42.0
jsmith,2,42.0
janetvance,2,43.0
dwatts,2,41.0
smithjonathan,2,48.0
vjames,2,43.5
wheelerbrandon,2,37.0
smithsarah,2,41.0
vegadorothy,2,39.5
sara44,2,49.0
wdavis,2,37.5
jeffrey47,2,36.0
asteele,2,38.5
michael56,2,43.0
timothy64,2,41.0
amy27,2,40.5
jhernandez,2,42.5
kari89,2,40.5
tyler39,2,43.5
paul20,2,43.5
johnathan92,2,36.5
stewartkyle,2,39.5
hmendoza,2,38.5
melanierivera,2,36.5
cindy60,2,39.0
dwilson,2,41.0
dvaughn,2,40.5
dsharp,2,39.5
joannewallace,2,40.0
dominicturner,2,44.0
stephen96,2,38.0
lauren31,2,40.0
williamsullivan,2,41.5
lisa91,2,41.0
samantha22,2,41.0
brandonhernandez,2,36.0
cruzhannah,2,43.0
ubell,2,38.0
zoemoore,2,42.5
burgesscassandra,2,46.5
rhernandez,2,41.0
jallen,2,41.5
justin80,2,40.0
nmartinez,2,38.5
barbaralewis,2,38.0
stephanie24,2,40.5
richardbrown,2,44.0
ctodd,2,38.0
hannah17,2,45.0
amymorris,2,37.5
lukemiller,2,35.0
tanderson,2,42.0
fbrown,2,38.0
wallaceheather,2,39.5
sean43,2,40.5
whitebrenda,2,40.0
tgonzalez,2,41.0
amber70,2,45.5
umichael,2,36.5
halldiamond,2,40.5
shawgary,2,43.5
daniellemills,2,42.5
daniellee,2,39.5
brewerrebecca,2,38.5
deborah47,2,44.5
larry59,2,39.0
terri15,2,42.0
jamiegoodwin,2,40.5
jacqueline44,2,43.0
kennedyjames,2,41.0
wgood,2,43.5
john42,2,42.0
patrickcooke,2,41.0
tammy00,2,42.0
erik41,2,40.0
davenportbrandi,2,37.0
gibsonemily,2,38.0
gpeterson,2,36.5
ashleyatkinson,2,42.5
khines,2,42.5
michaeljones,2,36.5
thompsonjose,2,42.5
onelson,2,40.0
margaret90,2,43.0
tochoa,2,46.5
jacqueline71,2,40.0
kmullins,2,43.0
lucassusan,2,37.5
qmoore,2,40.0
nashmarcus,2,35.5
michealvalentine,2,43.0
zterry,2,38.0
alexander55,2,43.5
carol30,2,40.5
marcoconnell,2,46.0
tconway,2,39.0
stephanie33,2,36.0
icraig,2,40.5
jeremiah69,2,41.0
clarence34,2,40.0
jamiemann,2,39.5
bobby30,2,37.5
mckenzie86,2,44.0
josephanderson,2,41.5
xmoreno,2,40.0
shurst,2,42.5
ronaldstephens,2,40.0
devin48,2,37.0
bradley36,2,36.0
zpark,2,38.0
daviskevin,2,36.5
kevintran,2,39.5
stevenscaitlin,2,43.5
kgreene,2,43.5
sandra99,2,40.5
hoganashlee,2,42.5
oruiz,2,40.0
samuelfrost,2,45.0
vkennedy,2,41.5
fpetty,2,45.0
owelch,2,46.0
inunez,2,40.5
karenmarquez,2,43.5
watkinsmary,2,38.0
dalepruitt,2,37.0
vargassteven,2,36.5
evanslisa,2,46.0
vcannon,2,41.5
amberreynolds,2,42.5
cranemelissa,2,37.0
yorksarah,2,38.5
joshua40,2,41.0
ystevenson,2,39.0
danielle01,2,37.5
michaelgonzalez,2,46.5
hsoto,2,46.5
terriortiz,2,39.5
uwillis,2,40.0
smithmaria,2,41.0
clarkpatricia,2,36.5
susanfleming,2,41.0
ewingnicole,2,40.5
brooke49,2,40.5
murphyjeffrey,2,39.5
marshallchristine,2,40.5
kingjenna,2,39.0
kathryn77,2,36.5
gallowayjoseph,2,40.5
nwilson,2,37.0
margaretsmith,2,38.5
kendra14,2,41.5
guzmanricky,2,39.5
johnhurst,2,40.0
carlsonmichael,2,43.0
madkins,2,43.0
haynescharles,2,40.5
fryan,2,43.0
rcrosby,2,41.5
wellsdavid,2,37.0
wwillis,2,40.5
matthewlong,2,40.0
tthomas,2,36.0
amullins,2,37.5
sellersdanielle,2,40.5
fcombs,2,39.5
kerrmichael,2,39.5
rmills,2,38.5
jennifermartinez,2,45.5
ismall,2,38.5
cynthiahenson,2,36.5
christophervincent,2,39.5
laurenatkins,2,40.0
davisbrian,2,37.5
eric11,2,40.5
qfitzgerald,2,37.5
meltonjoshua,2,39.0
andrewlove,2,38.5
chavezjohn,2,39.0
dhardin,2,40.0
brownkevin,2,39.0
warnerlori,2,38.5
kevin33,2,43.5
jessica14,2,36.5
millsmichael,2,42.5
vjenkins,2,45.0
vdickson,2,36.0
qburns,2,40.5
qwarren,2,37.5
debra96,2,42.0
vargasmaria,2,38.0
david78,2,36.5
hooperkaren,2,42.0
theresa57,2,43.5
kevinroberts,2,40.5
amy17,2,38.0
andre18,2,42.0
kiddmichael,2,36.0
jonathan18,2,38.0
lloydsamuel,2,41.0
katherinetaylor,2,37.5
nicole52,2,40.5
nicolejohnson,2,37.0
melissa86,2,36.0
hughescaroline,2,37.0
francisco74,2,43.5
angela70,2,42.0
craigharvey,2,41.5
romanmatthew,2,43.0
schmidtjames,2,37.5
gibsonmiguel,2,43.5
wbarajas,2,41.5
traceycarr,2,38.5
daniel93,2,39.0
pstevens,2,45.0
barbertonya,2,38.0
paul01,2,42.5
adamsjuan,2,38.0
nhahn,2,40.5
michelle96,2,39.5
ericahall,2,45.0
marcalvarez,2,43.0
zhenderson,2,37.0
scotthunt,2,41.0
andrearowe,2,40.5
jeffreydavenport,2,36.0
lanesarah,2,37.0
elliottkristy,2,41.0
gina02,2,36.5
qanderson,2,36.0
riverabradley,2,39.5
uanderson,2,38.0
trussell,2,37.5
pwarren,2,37.5
michaelhamilton,2,37.5
melaniejennings,2,40.0
hannah45,2,37.0
thomasdonald,2,41.0
williamstanya,2,43.0
comptonshelly,2,38.5
jperez,2,41.0
michelle52,2,40.5
smoore,2,38.0
vwagner,2,47.0
kaylamartin,2,40.5
wrightstephen,2,36.5
achandler,2,46.0
heather69,2,40.0
clarkrobert,2,37.5
pwilliams,2,41.0
stricklandmichelle,2,38.0
uwhitney,2,36.5
jordanjohnny,2,39.0
christopherjones,2,43.0
thomas85,2,43.0
amandasharp,2,36.5
wfreeman,2,45.5
georgetracy,2,37.0
michael90,2,37.0
mitchellchristopher,2,42.5
christopher99,2,38.5
kristina57,2,37.5
adrianthomas,2,38.5
osbornrandy,2,42.0
normanbowers,2,43.5
gerald46,2,44.0
guerrerorobert,2,38.5
jonesjason,2,40.0
wilsonmathew,2,38.0
andrewedwards,2,43.0
lindsey33,2,37.0
lori44,2,37.5
nsims,2,39.5
pwalker,2,41.5
xmoran,2,40.5
gregorysmith,2,40.0
tami37,2,40.5
parkerrichard,2,37.5
megan66,2,44.0
rileychristopher,2,48.0
harristonya,2,45.5
natalie15,2,45.5
nmartin,2,44.0
craigjoseph,2,37.5
qpearson,2,38.5
xwalker,2,40.5
jason81,2,40.0
hillsavannah,2,42.5
jamesshawn,2,47.0
nicholasmcgrath,2,37.0
brookemoreno,2,38.5
travisunderwood,2,41.0
brucefrancisco,2,42.5
evelyn60,2,36.5
hhoffman,2,37.5
lauriehorton,2,43.0
smithjason,2,43.5
john46,2,37.5
tom73,2,42.0
stephen00,2,40.5
qnelson,2,40.0
tblankenship,2,41.0
jacksonjoshua,2,43.5
jenniferlambert,2,38.5
byoung,2,41.0
suttonamber,2,40.5
rjones,2,38.5
joshuathomas,2,41.5
courtney10,2,37.5
alexandria49,2,44.0
brandon47,2,38.0
vhaley,2,39.5
jamespruitt,2,40.0
cstevens,2,40.0
alexandriajimenez,2,42.0
heather06,1,36.0
harrismichele,1,39.0
michaelbrown,1,39.0
danielsloretta,1,37.0
adam29,1,44.0
reedrobert,1,36.0
umorse,1,35.0
iayala,1,37.0
lkelly,1,47.0
fitzpatrickelizabeth,1,39.0
garrettalex,1,37.0
toddarellano,1,39.0
ashleyprice,1,49.0
butleromar,1,44.0
parksjennifer,1,37.0
brian01,1,38.0
hamiltonkeith,1,39.0
jasonnavarro,1,43.0
andersonmichael,1,44.0
davislisa,1,42.0
tracygallagher,1,38.0
davidmiller,1,35.0
jenniferstone,1,36.0
petersonmaria,1,38.0
davisphillip,1,38.0
vasquezsarah,1,35.0
lorisandoval,1,43.0
walkerandrew,1,37.0
colematthew,1,37.0
sylviasuarez,1,36.0
blakewilliams,1,39.0
jessica56,1,38.0
whitelucas,1,36.0
kaylawright,1,43.0
carrierobinson,1,43.0
lewischristian,1,38.0
sanchezchristine,1,38.0
smithdiana,1,37.0
veronica26,1,49.0
lbyrd,1,38.0
brownjessica,1,38.0
nancymartin,1,36.0
paige31,1,39.0
amandapark,1,49.0
arivera,1,47.0
brownmarie,1,37.0
tgreen,1,37.0
joseph69,1,49.0
burchgeorge,1,38.0
thomasmendez,1,37.0
mooneyjeremiah,1,42.0
kellylee,1,37.0
timothybooth,1,38.0
friedmansusan,1,36.0
dawnperry,1,37.0
lanedavid,1,39.0
ndaniels,1,39.0
rachael17,1,47.0
ecooper,1,43.0
davidtorres,1,43.0
hubbardtrevor,1,42.0
sarahyang,1,47.0
richardflores,1,49.0
sferguson,1,39.0
blakeerik,1,36.0
michaelfigueroa,1,47.0
daviddavis,1,39.0
adamslucas,1,36.0
vanessa54,1,44.0
millercassandra,1,49.0
amy60,1,39.0
acastaneda,1,39.0
karen68,1,42.0
kellis,1,37.0
vsalas,1,35.0
ubaker,1,47.0
jjones,1,43.0
perezwilliam,1,44.0
wallspatricia,1,36.0
elizabeth13,1,49.0
uparrish,1,37.0
mcooley,1,37.0
christopher38,1,43.0
esanchez,1,35.0
jonesjohn,1,38.0
htaylor,1,37.0
gainesanthony,1,38.0
igonzalez,1,42.0
kathrynroberts,1,49.0
randy47,1,37.0
kleinjacqueline,1,35.0
fheath,1,39.0
brandon69,1,37.0
griffinemily,1,43.0
baileyjennifer,1,36.0
matthewleonard,1,37.0
kylethornton,1,37.0
haynesjose,1,44.0
sdavis,1,42.0
longsonya,1,44.0
sabrinasmith,1,37.0
bankschristina,1,47.0
benjamin34,1,36.0
andrewstaylor,1,37.0
ehart,1,38.0
rjimenez,1,43.0
jonathanthompson,1,43.0
danawilliams,1,39.0
amygross,1,43.0
hernandezlisa,1,43.0
morganjason,1,38.0
alejandro29,1,36.0
thomasharvey,1,37.0
kathy99,1,37.0
joseph44,1,37.0
moorefrank,1,49.0
gregory01,1,47.0
taylorjesse,1,36.0
tapiaaaron,1,37.0
mchase,1,39.0
rmoyer,1,47.0
ygriffin,1,35.0
bridgesstephanie,1,36.0
fernandezaaron,1,44.0
billy66,1,36.0
sonia96,1,49.0
johnjohnson,1,47.0
nicholas68,1,43.0
cannonlauren,1,38.0
buckleyanna,1,38.0
kchristian,1,38.0
mckeetodd,1,39.0
smithwilliam,1,37.0
john36,1,49.0
ujones,1,38.0
louis43,1,49.0
holdenmichael,1,42.0
greenkristen,1,38.0
leescott,1,36.0
misty38,1,39.0
ldrake,1,43.0
wgomez,1,38.0
burgesskaren,1,37.0
kwallace,1,35.0
davisnicholas,1,37.0
robertssamuel,1,43.0
ichambers,1,35.0
ugarcia,1,39.0
ustewart,1,47.0
meadowsbrittany,1,47.0
johnathandavis,1,36.0
martinezrobert,1,44.0
nvillarreal,1,47.0
christy11,1,35.0
joe73,1,37.0
larrygraham,1,37.0
walterscrystal,1,42.0
staffordlisa,1,37.0
wmills,1,49.0
vparker,1,44.0
bwagner,1,38.0
tasha01,1,37.0
kevinhodge,1,43.0
katie15,1,37.0
barbara12,1,38.0
ariana22,1,38.0
williamssamuel,1,42.0
meganwilliams,1,44.0
jessicalutz,1,42.0
lanejason,1,37.0
brian19,1,44.0
vhodge,1,49.0
vgutierrez,1,47.0
bensonstanley,1,47.0
gordonmatthew,1,44.0
gary04,1,38.0
davidzimmerman,1,37.0
april31,1,35.0
kristyjohnson,1,49.0
montesjuan,1,37.0
lindagonzalez,1,38.0
rlawrence,1,49.0
michelle64,1,37.0
xmalone,1,38.0
longandrea,1,47.0
brianhunter,1,38.0
stanleynancy,1,49.0
danny49,1,49.0
rubioashley,1,49.0
williamwashington,1,35.0
pcarter,1,49.0
gateskathy,1,38.0
brianhumphrey,1,38.0
dixonrobert,1,42.0
kevincollins,1,44.0
taylorchristopher,1,42.0
smitheric,1,37.0
mclaughlinnicole,1,35.0
daniel60,1,35.0
xglass,1,35.0
ann44,1,37.0
jstein,1,44.0
kevinmorrison,1,38.0
ellen86,1,37.0
williamssandra,1,37.0
msmith,1,38.0
huberjuan,1,38.0
baldwinsherry,1,44.0
lukejohnson,1,38.0
justin84,1,38.0
kyle74,1,36.0
ugarrett,1,38.0
ohall,1,44.0
lawrencebrown,1,44.0
klane,1,39.0
davissamuel,1,44.0
millertristan,1,37.0
kvillarreal,1,49.0
dereklee,1,49.0
kimberlygarcia,1,35.0
qrobertson,1,35.0
careykevin,1,43.0
john10,1,37.0
sierrawilson,1,37.0
boydtiffany,1,43.0
hudsonamanda,1,49.0
lwebb,1,42.0
mgonzales,1,36.0
brendali,1,35.0
kathyharrison,1,35.0
ashleyharding,1,36.0
meghanadams,1,43.0
qspencer,1,37.0
carlos24,1,39.0
catherinegomez,1,43.0
yeseniagoodwin,1,38.0
ybrooks,1,39.0
flamb,1,37.0
david60,1,36.0
kwilcox,1,44.0
jennifer64,1,38.0
cjackson,1,44.0
campbellsara,1,47.0
qjackson,1,36.0
ashleyhall,1,43.0
fuentesashley,1,37.0
jennifermiles,1,42.0
tracy98,1,35.0
ariel56,1,42.0
danielsmith,1,43.0
briannasmith,1,38.0
gary24,1,43.0
patricia22,1,39.0
susandavis,1,37.0
billbrown,1,37.0
turnerdorothy,1,42.0
jennifermitchell,1,37.0
david70,1,44.0
swalters,1,49.0
rachelbrown,1,49.0
fieldskimberly,1,37.0
christiancontreras,1,49.0
josephvelasquez,1,37.0
wgibbs,1,44.0
vbrock,1,42.0
afigueroa,1,43.0
vshaffer,1,43.0
sbarajas,1,38.0
joshua89,1,35.0
pdiaz,1,43.0
staffordmichelle,1,47.0
franklinbrenda,1,42.0
gallegosrobert,1,44.0
martinezclaudia,1,35.0
carpenterwilliam,1,37.0
banksjo,1,35.0
kvillanueva,1,44.0
robin05,1,37.0
keith07,1,36.0
ann18,1,37.0
medinapeter,1,49.0
garzaanthony,1,36.0
amoore,1,38.0
michelle04,1,43.0
harrislisa,1,35.0
angel85,1,39.0
brandonalvarez,1,38.0
breanna61,1,38.0
frances20,1,47.0
michaelodonnell,1,43.0
reynoldsdesiree,1,37.0
suarezkrystal,1,38.0
carlsonjennifer,1,36.0
chavezsteven,1,37.0
malikwheeler,1,43.0
debra07,1,43.0
juliephillips,1,36.0
david56,1,38.0
jennifercruz,1,37.0
lbrown,1,43.0
jasonwilliams,1,38.0
goconnor,1,39.0
vbailey,1,47.0
donnawood,1,35.0
michaelallen,1,36.0
wayne14,1,38.0
michaelortiz,1,38.0
brian63,1,37.0
johnnycruz,1,43.0
julie62,1,44.0
wisedawn,1,49.0
smithsamantha,1,38.0
lisamccarthy,1,38.0
ifarmer,1,49.0
crawfordsamantha,1,49.0
josephjohnson,1,47.0
amy01,1,39.0
zprice,1,49.0
martinkyle,1,43.0
juliawells,1,35.0
william46,1,49.0
sabbott,1,36.0
duranamber,1,39.0
starkdaniel,1,37.0
ylynn,1,38.0
richardsonemily,1,37.0
colleen45,1,49.0
justinwhite,1,38.0
hsimpson,1,38.0
acox,1,37.0
janice40,1,43.0
xmiller,1,43.0
bterry,1,37.0
jennifercollins,1,49.0
upatel,1,42.0
jamesrodgers,1,43.0
shelleyrowland,1,35.0
jillwebb,1,37.0
myerskyle,1,37.0
njones,1,37.0
prichard,1,42.0
asmith,1,39.0
aaronkelly,1,39.0
myerstroy,1,38.0
davidhenderson,1,47.0
ibarnes,1,37.0
john14,1,37.0
danielnavarro,1,47.0
kimberlyarnold,1,37.0
figueroapatricia,1,39.0
evansjeffrey,1,44.0
mmiller,1,47.0
angela52,1,38.0
jacquelineyoung,1,47.0
clintonstevens,1,37.0
davidsmith,1,43.0
sarahbrooks,1,42.0
wilkinsonmichele,1,39.0
ujohnson,1,49.0
williamsconnie,1,38.0
michael17,1,38.0
tracy32,1,37.0
grayjoshua,1,39.0
pachecorobert,1,35.0
marierosales,1,47.0
andersonlaura,1,39.0
moralescody,1,49.0
clarkmichael,1,39.0
andrea91,1,38.0
isaacharrison,1,43.0
connor24,1,36.0
priceelizabeth,1,44.0
wendy11,1,44.0
guerraapril,1,38.0
andersonkaren,1,49.0
gregory92,1,38.0
meagan89,1,39.0
alexander89,1,37.0
robert77,1,36.0
chanson,1,37.0
jbrown,1,35.0
amybrennan,1,47.0
whitney78,1,36.0
sstevenson,1,47.0
lunapatricia,1,44.0
zpoole,1,37.0
uperez,1,42.0
jacqueline20,1,38.0
scottsmith,1,47.0
christopherlang,1,37.0
barbara53,1,44.0
pamela16,1,38.0
whitecarol,1,36.0
russellbeasley,1,43.0
ryan43,1,38.0
nicholasliu,1,49.0
kingjames,1,43.0
nielsenmelanie,1,36.0
williamsjennifer,1,44.0
barbarapennington,1,37.0
mary76,1,39.0
tamarasmith,1,38.0
cameronanderson,1,38.0
hmason,1,42.0
curtismoore,1,44.0
andrewberry,1,44.0
brent38,1,38.0
tguerrero,1,44.0
brookssheri,1,42.0
tanyafoster,1,43.0
hsmith,1,43.0
lgregory,1,39.0
mary31,1,44.0
hannahking,1,47.0
abigailhartman,1,44.0
regina04,1,37.0
cclark,1,37.0
gloriawells,1,42.0
johnsondustin,1,35.0
brandybonilla,1,37.0
dbrooks,1,43.0
joshuajones,1,38.0
rmorales,1,37.0
mjohnson,1,44.0
ooneill,1,35.0
noahthornton,1,38.0
ghenderson,1,37.0
fmcguire,1,39.0
gregorychase,1,43.0
samuel60,1,36.0
meghan43,1,37.0
allentran,1,39.0
paulford,1,37.0
cookdavid,1,44.0
crystal32,1,49.0
martinezdonald,1,47.0
sfox,1,47.0
jreed,1,37.0
scastillo,1,42.0
ashley71,1,37.0
jonathanfletcher,1,49.0
garrett45,1,47.0
bstrickland,1,44.0
vscott,1,37.0
annshea,1,49.0
katie29,1,36.0
steven86,1,36.0
carlosray,1,37.0
jean47,1,39.0
scotthall,1,43.0
ewilson,1,37.0
dhall,1,38.0
eric17,1,36.0
krodriguez,1,47.0
tammykim,1,37.0
jfaulkner,1,39.0
schultzmorgan,1,47.0
mhayes,1,47.0
rrodriguez,1,37.0
david90,1,36.0
mnavarro,1,37.0
adamortiz,1,42.0
deborahporter,1,37.0
edwin31,1,43.0
kelly79,1,49.0
aguirreangela,1,35.0
smithkyle,1,38.0
simsjason,1,43.0
juan71,1,39.0
younggabrielle,1,38.0
david17,1,42.0
alyssa18,1,38.0
nicoleanderson,1,37.0
carterdaniel,1,42.0
robertsonshelby,1,44.0
vfleming,1,43.0
georgegina,1,47.0
charlesharrington,1,37.0
